name,email,City,phone,company
Leanne Graham,Sincere@april.biz,Gwenborough,1-770-736-8031 x56442,Romaguera-Crona
Ervin Howell,Shanna@melissa.tv,Wisokyburgh,010-692-6593 x09125,Deckow-Crist
Clementine Bauch,Nathan@yesenia.net,McKenziehaven,1-463-123-4447,Romaguera-Jacobson
Patricia Lebsack,Julianne.OConner@kory.org,South Elvis,493-170-9623 x156,Robel-Corkery
Chelsey Dietrich,Lucio_Hettinger@annie.ca,Roscoeview,(254)954-1289,Keebler LLC
Mrs. Dennis Schulist,Karley_Dach@jasper.info,South Christy,1-477-935-8478 x6430,Considine-Lockman
Kurtis Weissnat,Telly.Hoeger@billy.biz,Howemouth,210.067.6132,Johns Group
Nicholas Runolfsdottir V,Sherwood@rosamond.me,Aliyaview,586.493.6943 x140,Abernathy Group
Glenna Reichert,Chaim_McDermott@dana.io,Bartholomebury,(775)976-6794 x41206,Yost and Sons
Clementina DuBuque,Rey.Padberg@karina.biz,Lebsackbury,024-648-3804,Hoeger LLC
